Mutation type,Trinucleotide,MCF10A_SC7_cl1,MCF10A_SC7_cl2,MCF10A_SC7_cl3
C>A,ACA,18,37,16
C>A,ACC,5,7,6
C>A,ACG,3,2,1
C>A,ACT,6,11,2
C>A,CCA,17,30,9
C>A,CCC,6,12,6
C>A,CCG,6,7,4
C>A,CCT,12,17,6
C>A,GCA,20,15,6
C>A,GCC,2,12,2
C>A,GCG,1,1,1
C>A,GCT,13,17,5
C>A,TCA,18,14,12
C>A,TCC,11,21,3
C>A,TCG,2,6,1
C>A,TCT,25,18,13
C>G,ACA,15,17,7
C>G,ACC,9,10,5
C>G,ACG,1,4,1
C>G,ACT,8,13,5
C>G,CCA,7,3,2
C>G,CCC,4,4,2
C>G,CCG,1,0,0
C>G,CCT,1,6,7
C>G,GCA,1,7,1
C>G,GCC,22,7,8
C>G,GCG,13,0,7
C>G,GCT,7,6,2
C>G,TCA,14,12,11
C>G,TCC,6,13,3
C>G,TCG,5,2,1
C>G,TCT,13,21,9
C>T,ACA,19,42,11
C>T,ACC,5,23,5
C>T,ACG,11,28,15
C>T,ACT,14,32,16
C>T,CCA,18,24,8
C>T,CCC,21,11,10
C>T,CCG,10,15,10
C>T,CCT,12,28,9
C>T,GCA,14,15,14
C>T,GCC,9,11,9
C>T,GCG,12,22,6
C>T,GCT,15,19,8
C>T,TCA,13,25,14
C>T,TCC,19,14,16
C>T,TCG,10,20,3
C>T,TCT,8,39,10
T>A,ATA,4,10,4
T>A,ATC,1,10,3
T>A,ATG,1,8,3
T>A,ATT,1,12,5
T>A,CTA,10,14,2
T>A,CTC,14,5,2
T>A,CTG,12,6,3
T>A,CTT,9,15,5
T>A,GTA,5,9,1
T>A,GTC,5,6,8
T>A,GTG,4,8,0
T>A,GTT,2,12,4
T>A,TTA,5,10,6
T>A,TTC,5,5,4
T>A,TTG,6,11,5
T>A,TTT,5,4,1
T>C,ATA,22,50,26
T>C,ATC,12,25,3
T>C,ATG,25,17,15
T>C,ATT,13,25,8
T>C,CTA,11,24,11
T>C,CTC,7,19,5
T>C,CTG,11,6,6
T>C,CTT,8,25,9
T>C,GTA,9,23,9
T>C,GTC,7,21,3
T>C,GTG,10,6,8
T>C,GTT,13,36,11
T>C,TTA,16,42,10
T>C,TTC,7,21,7
T>C,TTG,10,8,8
T>C,TTT,7,21,4
T>G,ATA,7,12,5
T>G,ATC,4,8,7
T>G,ATG,7,9,6
T>G,ATT,5,10,5
T>G,CTA,4,3,2
T>G,CTC,4,2,3
T>G,CTG,2,2,1
T>G,CTT,8,2,5
T>G,GTA,4,6,1
T>G,GTC,3,7,3
T>G,GTG,21,8,9
T>G,GTT,5,5,4
T>G,TTA,7,12,2
T>G,TTC,6,13,3
T>G,TTG,9,13,4
T>G,TTT,13,21,7
