Mutation type,Trinucleotide,HepG2_SC2_cl1,HepG2_SC2_cl2,HepG2_SC2_cl3
C>A,ACA,63,36,51
C>A,ACC,20,9,17
C>A,ACG,5,5,6
C>A,ACT,36,32,35
C>A,CCA,49,55,78
C>A,CCC,41,20,40
C>A,CCG,4,5,8
C>A,CCT,46,25,63
C>A,GCA,48,30,37
C>A,GCC,14,10,23
C>A,GCG,3,3,5
C>A,GCT,18,17,16
C>A,TCA,80,40,72
C>A,TCC,35,30,46
C>A,TCG,10,4,4
C>A,TCT,73,54,78
C>G,ACA,19,17,29
C>G,ACC,11,5,10
C>G,ACG,2,4,6
C>G,ACT,17,14,28
C>G,CCA,20,16,33
C>G,CCC,15,7,16
C>G,CCG,3,0,11
C>G,CCT,16,13,32
C>G,GCA,12,12,20
C>G,GCC,13,4,12
C>G,GCG,3,1,0
C>G,GCT,14,8,20
C>G,TCA,26,14,29
C>G,TCC,23,20,21
C>G,TCG,2,1,3
C>G,TCT,59,21,42
C>T,ACA,32,33,54
C>T,ACC,15,4,18
C>T,ACG,9,8,6
C>T,ACT,28,15,27
C>T,CCA,38,16,47
C>T,CCC,17,16,18
C>T,CCG,9,3,11
C>T,CCT,35,18,41
C>T,GCA,32,20,19
C>T,GCC,21,6,19
C>T,GCG,7,9,8
C>T,GCT,25,18,25
C>T,TCA,29,31,45
C>T,TCC,35,22,23
C>T,TCG,7,6,8
C>T,TCT,45,30,47
T>A,ATA,18,15,8
T>A,ATC,13,4,11
T>A,ATG,3,8,10
T>A,ATT,10,10,9
T>A,CTA,14,11,9
T>A,CTC,12,11,14
T>A,CTG,16,6,22
T>A,CTT,20,9,19
T>A,GTA,5,4,6
T>A,GTC,8,4,8
T>A,GTG,7,4,9
T>A,GTT,11,3,5
T>A,TTA,20,13,17
T>A,TTC,14,10,5
T>A,TTG,9,5,5
T>A,TTT,17,10,10
T>C,ATA,19,13,15
T>C,ATC,5,8,10
T>C,ATG,15,8,6
T>C,ATT,12,3,20
T>C,CTA,10,6,20
T>C,CTC,6,4,7
T>C,CTG,6,8,6
T>C,CTT,10,8,7
T>C,GTA,13,4,13
T>C,GTC,6,8,9
T>C,GTG,8,3,13
T>C,GTT,7,3,10
T>C,TTA,21,14,10
T>C,TTC,10,6,6
T>C,TTG,11,8,4
T>C,TTT,8,9,7
T>G,ATA,13,7,6
T>G,ATC,5,4,3
T>G,ATG,10,6,7
T>G,ATT,20,4,11
T>G,CTA,5,5,9
T>G,CTC,5,6,4
T>G,CTG,6,4,17
T>G,CTT,13,6,4
T>G,GTA,7,5,5
T>G,GTC,3,0,1
T>G,GTG,7,3,4
T>G,GTT,4,3,8
T>G,TTA,17,9,22
T>G,TTC,7,6,5
T>G,TTG,19,12,17
T>G,TTT,17,8,21
