Mutation type,Trinucleotide,HepG2_Car_cl1,HepG2_Car_cl2,HepG2_Car_cl3
C>A,ACA,232,238,215
C>A,ACC,386,442,422
C>A,ACG,15,38,17
C>A,ACT,220,215,188
C>A,CCA,324,331,343
C>A,CCC,150,167,149
C>A,CCG,29,43,31
C>A,CCT,351,305,375
C>A,GCA,531,438,559
C>A,GCC,825,744,841
C>A,GCG,20,36,19
C>A,GCT,212,173,206
C>A,TCA,263,235,186
C>A,TCC,259,236,256
C>A,TCG,13,21,18
C>A,TCT,290,255,309
C>G,ACA,81,126,76
C>G,ACC,61,65,62
C>G,ACG,15,22,13
C>G,ACT,105,115,88
C>G,CCA,51,45,57
C>G,CCC,41,38,35
C>G,CCG,9,11,7
C>G,CCT,87,63,83
C>G,GCA,70,86,57
C>G,GCC,433,348,427
C>G,GCG,7,25,14
C>G,GCT,167,146,166
C>G,TCA,84,107,98
C>G,TCC,74,78,59
C>G,TCG,17,28,15
C>G,TCT,271,252,259
C>T,ACA,129,278,100
C>T,ACC,69,142,85
C>T,ACG,30,164,23
C>T,ACT,107,223,102
C>T,CCA,453,419,589
C>T,CCC,1328,1173,1563
C>T,CCG,130,155,137
C>T,CCT,1333,1169,1540
C>T,GCA,283,341,309
C>T,GCC,248,237,277
C>T,GCG,45,159,47
C>T,GCT,223,262,238
C>T,TCA,113,225,111
C>T,TCC,251,266,259
C>T,TCG,25,78,32
C>T,TCT,301,453,346
T>A,ATA,88,117,93
T>A,ATC,84,121,97
T>A,ATG,48,81,53
T>A,ATT,80,108,68
T>A,CTA,265,225,317
T>A,CTC,249,270,319
T>A,CTG,354,307,440
T>A,CTT,381,325,552
T>A,GTA,45,60,35
T>A,GTC,107,93,102
T>A,GTG,33,64,32
T>A,GTT,29,37,32
T>A,TTA,92,120,82
T>A,TTC,50,54,43
T>A,TTG,57,65,50
T>A,TTT,59,73,67
T>C,ATA,61,374,65
T>C,ATC,57,139,35
T>C,ATG,41,97,37
T>C,ATT,42,152,52
T>C,CTA,84,242,70
T>C,CTC,129,243,117
T>C,CTG,128,108,92
T>C,CTT,164,263,146
T>C,GTA,37,128,31
T>C,GTC,134,156,125
T>C,GTG,34,93,23
T>C,GTT,21,106,26
T>C,TTA,62,136,49
T>C,TTC,67,145,64
T>C,TTG,29,64,25
T>C,TTT,37,156,39
T>G,ATA,46,99,60
T>G,ATC,27,45,27
T>G,ATG,49,57,44
T>G,ATT,29,54,31
T>G,CTA,35,30,31
T>G,CTC,30,32,29
T>G,CTG,54,51,52
T>G,CTT,47,42,48
T>G,GTA,17,31,17
T>G,GTC,63,81,90
T>G,GTG,38,61,32
T>G,GTT,24,37,34
T>G,TTA,66,53,56
T>G,TTC,50,68,30
T>G,TTG,70,116,59
T>G,TTT,47,129,42
