Mutation type,Trinucleotide,HepG2_Oxa_cl1,HepG2_Oxa_cl3
C>A,ACA,197,196
C>A,ACC,164,182
C>A,ACG,12,17
C>A,ACT,131,134
C>A,CCA,302,342
C>A,CCC,144,155
C>A,CCG,30,42
C>A,CCT,307,313
C>A,GCA,179,178
C>A,GCC,107,151
C>A,GCG,9,11
C>A,GCT,109,111
C>A,TCA,202,214
C>A,TCC,150,179
C>A,TCG,15,23
C>A,TCT,269,279
C>G,ACA,85,68
C>G,ACC,47,35
C>G,ACG,8,10
C>G,ACT,77,86
C>G,CCA,60,51
C>G,CCC,45,43
C>G,CCG,11,14
C>G,CCT,70,54
C>G,GCA,30,26
C>G,GCC,50,46
C>G,GCG,6,5
C>G,GCT,51,58
C>G,TCA,79,95
C>G,TCC,69,78
C>G,TCG,10,7
C>G,TCT,171,168
C>T,ACA,144,133
C>T,ACC,76,81
C>T,ACG,29,32
C>T,ACT,99,117
C>T,CCA,214,240
C>T,CCC,409,484
C>T,CCG,54,56
C>T,CCT,443,506
C>T,GCA,119,126
C>T,GCC,92,101
C>T,GCG,28,35
C>T,GCT,131,124
C>T,TCA,121,119
C>T,TCC,106,131
C>T,TCG,21,14
C>T,TCT,160,181
T>A,ATA,58,56
T>A,ATC,65,65
T>A,ATG,32,36
T>A,ATT,63,61
T>A,CTA,78,86
T>A,CTC,175,189
T>A,CTG,113,150
T>A,CTT,326,345
T>A,GTA,24,29
T>A,GTC,50,54
T>A,GTG,33,24
T>A,GTT,31,20
T>A,TTA,62,66
T>A,TTC,28,37
T>A,TTG,46,45
T>A,TTT,42,53
T>C,ATA,74,76
T>C,ATC,36,36
T>C,ATG,30,41
T>C,ATT,58,53
T>C,CTA,54,48
T>C,CTC,70,68
T>C,CTG,70,76
T>C,CTT,105,92
T>C,GTA,44,43
T>C,GTC,30,30
T>C,GTG,29,17
T>C,GTT,22,23
T>C,TTA,52,49
T>C,TTC,51,49
T>C,TTG,33,26
T>C,TTT,39,43
T>G,ATA,45,45
T>G,ATC,16,14
T>G,ATG,36,36
T>G,ATT,34,32
T>G,CTA,22,25
T>G,CTC,21,26
T>G,CTG,46,36
T>G,CTT,36,31
T>G,GTA,14,13
T>G,GTC,21,18
T>G,GTG,25,25
T>G,GTT,18,25
T>G,TTA,43,49
T>G,TTC,23,33
T>G,TTG,40,48
T>G,TTT,44,34
