Mutation type,Trinucleotide,MCF10A_Car_cl1,MCF10A_Car_cl2,MCF10A_Car_cl3,MCF10A_Car_cl4
C>A,ACA,140,126,98,113
C>A,ACC,426,417,245,317
C>A,ACG,13,10,7,10
C>A,ACT,189,197,115,124
C>A,CCA,241,209,182,196
C>A,CCC,115,91,89,97
C>A,CCG,22,17,11,16
C>A,CCT,366,377,230,266
C>A,GCA,406,400,264,334
C>A,GCC,1013,947,561,729
C>A,GCG,11,6,7,8
C>A,GCT,145,157,126,130
C>A,TCA,128,144,109,114
C>A,TCC,202,202,125,148
C>A,TCG,13,20,8,16
C>A,TCT,306,296,166,244
C>G,ACA,64,59,44,49
C>G,ACC,56,43,31,47
C>G,ACG,7,4,5,3
C>G,ACT,109,105,72,88
C>G,CCA,55,35,30,30
C>G,CCC,21,24,35,24
C>G,CCG,8,6,7,7
C>G,CCT,103,91,65,85
C>G,GCA,53,44,40,46
C>G,GCC,526,630,305,397
C>G,GCG,8,10,4,7
C>G,GCT,197,210,120,144
C>G,TCA,52,254,97,154
C>G,TCC,52,89,40,54
C>G,TCG,9,16,10,8
C>G,TCT,301,498,220,347
C>T,ACA,61,75,56,64
C>T,ACC,46,53,33,36
C>T,ACG,18,20,16,26
C>T,ACT,55,57,57,53
C>T,CCA,363,348,202,232
C>T,CCC,1160,1072,579,645
C>T,CCG,105,90,61,69
C>T,CCT,1204,1138,604,715
C>T,GCA,183,228,149,178
C>T,GCC,240,273,162,161
C>T,GCG,41,36,21,31
C>T,GCT,181,153,117,143
C>T,TCA,84,353,105,199
C>T,TCC,211,261,128,180
C>T,TCG,21,56,32,25
C>T,TCT,308,387,198,266
T>A,ATA,98,89,68,71
T>A,ATC,137,127,81,96
T>A,ATG,58,64,45,36
T>A,ATT,99,98,59,55
T>A,CTA,555,522,295,349
T>A,CTC,341,368,223,248
T>A,CTG,601,639,331,390
T>A,CTT,667,647,315,420
T>A,GTA,29,29,8,29
T>A,GTC,112,97,60,62
T>A,GTG,31,39,21,33
T>A,GTT,29,27,22,25
T>A,TTA,74,69,66,48
T>A,TTC,38,44,28,37
T>A,TTG,34,51,31,33
T>A,TTT,38,70,49,43
T>C,ATA,115,135,114,146
T>C,ATC,94,100,54,52
T>C,ATG,76,62,53,57
T>C,ATT,59,74,73,69
T>C,CTA,134,137,95,115
T>C,CTC,152,137,60,109
T>C,CTG,151,137,103,104
T>C,CTT,293,282,201,176
T>C,GTA,47,51,42,56
T>C,GTC,194,242,129,136
T>C,GTG,31,21,34,32
T>C,GTT,37,40,36,42
T>C,TTA,101,74,79,93
T>C,TTC,69,81,60,59
T>C,TTG,28,32,19,31
T>C,TTT,47,55,43,44
T>G,ATA,57,52,43,29
T>G,ATC,35,28,24,16
T>G,ATG,53,56,40,43
T>G,ATT,43,30,38,37
T>G,CTA,51,50,23,38
T>G,CTC,61,48,33,30
T>G,CTG,102,96,60,56
T>G,CTT,53,49,58,46
T>G,GTA,18,25,13,11
T>G,GTC,94,93,49,66
T>G,GTG,59,50,19,41
T>G,GTT,37,28,22,21
T>G,TTA,63,56,44,42
T>G,TTC,36,38,26,28
T>G,TTG,89,78,52,52
T>G,TTT,60,55,41,51
