Cont. Sam[les,,,,,,,Contl. Sample,,,,,,,,Cont. Samples,,,,,
1,G04,T,C,A,GA,,H1,C02,C,C,T,GA,,,12,C08,T,C,T,GA
2,H04,T,C,AT,GA,,H4,D02,CT,C,AT,GA,,,14,D08,T,C,A,A
3,A05,T,C,A,A,,H41,E02,T,C,A,GA,,,21,H07,CT,C,AT,GA
4,B05,C,C,T,A,,H43,F02,CT,C,AT,GA,,,23,C07,C,C,T,A
6,C05,T,C,A,A,,H55,G02,T,C,A,GA,,,25,D07,CT,TC,T,GA
12,D05,CT,C,T,GA,,H61,H02,T,C,A,A,,,26,G07,T,C,A,A
16,E05,T,C,AT,G,,H67,A03,CT,C,AT,A,,,27,F07,C,C,T,A
18,F05,C,C,T,A,,H68,B03,T,TC,AT,G,,,28,A08,T,C,T,G
19,G05,T,TC,AT,GA,,H69,C03,C,C,T,A,,,32,B08,CT,C,AT,A
21,H05,CT,C,AT,GA,,H70,D03,C,C,T,A,,,46,E07,T,C,AT,GA
