SAMPLE_NAME,WELL,rs2023239,rs806378,rs806379,rs806381,,SAMPLE_NAME,WELL,rs2023239,rs806378,rs806379,rs806381,,,SAMPLE_NAME,WELL,rs2023239,rs806378,rs806379,rs806381
,Igbo,,,,,,,Hausa,,,,,,,,Yoruba,,,,
Expt Sample,,,,,,,,,,,,,,,Expt. Sample,,,,,
5,E03,CT,C,AT,GA,,Expt Sample,,,,,,,,1,A06,C,C,T,A
13,F03,C,C,T,A,,H3,A01,C,C,T,GA,,,4,D06,CT,C,AT,A
25,G03,T,C,A,GA,,H7,B01,C,C,T,A,,,13,F06,C,C,T,A
41,H03,T,C,AT,GA,,H10,C01,CT,C,AT,GA,,,18,A07,T,TC,T,G
42,A04,CT,C,AT,A,,H12,D01,T,TC,AT,GA,,,19,H06,T,TC,AT,GA
45,B04,C,C,T,A,,H14,E01,CT,C,AT,A,,,20,G06,CT,C,AT,A
46,C04,T,C,A,GA,,H16,F01,T,C,AT,GA,,,24,B07,CT,C,AT,A
47,D04,CT,C,AT,A,,H21,G01,CT,TC,T,GA,,,42,B06,T,C,A,A
49,E04,,,,,,H47,H01,T,C,AT,GA,,,45,C06,T,C,AT,A
50,F04,CT,C,AT,A,,H60,A02,CT,C,T,A,,,46,E07,T,C,AT,GA
,,,,,,,H64,B02,T,C,A,GA,,,71,E06,C,C,T,
